<?xml version="1.0" encoding="utf-8"?>
<modification>
	<code>9638944527</code>
    <name>Opencart - Быстрый заказ for OpenCart 2.3.x</name>
    <version>1.0.0</version>
    <author>phpner@gmail.com</author>
    <link>phpner@gmail.com</link>
    <file path="catalog/language/en-gb/product/product.php">
      <operation error="skip">
        <search><![CDATA[<?php]]></search>
        <add position="after"><![CDATA[
          // oct_popup_purchase start
          $_['text_oct_popup_purchase'] = 'Purchase now';
          // oct_popup_purchase end
        ]]></add>
      </operation>
    </file>
    <file path="catalog/language/ru-ru/product/product.php">
      <operation error="skip">
        <search><![CDATA[<?php]]></search>
        <add position="after"><![CDATA[
          // oct_popup_purchase start
          $_['text_oct_popup_purchase'] = 'Заказать в один клик';
          // oct_popup_purchase end
        ]]></add>
      </operation>
    </file>  
    <file path="catalog/language/uk-ua/product/product.php">
      <operation error="skip">
        <search><![CDATA[<?php]]></search>
        <add position="after"><![CDATA[
          // oct_popup_purchase start
          $_['text_oct_popup_purchase'] = 'Замовити в один клік';
          // oct_popup_purchase end
        ]]></add>
      </operation>
    </file>
    <file path="catalog/controller/product/product.php">
      <operation error="skip">
        <search><![CDATA[public function index() {]]></search>
        <add position="after"><![CDATA[
          // oct_popup_purchase start
          $data['oct_popup_purchase_data'] = $this->config->get('oct_popup_purchase_data');
          // oct_popup_purchase end
        ]]></add>
      </operation>
      <operation error="skip">
        <search><![CDATA[if ($product_info['quantity'] <= 0) {]]></search>
        <add position="before"><![CDATA[
          // oct_popup_purchase start
          $data['text_oct_popup_purchase'] = $this->language->get('text_oct_popup_purchase');
          // oct_popup_purchase end
        ]]></add>
      </operation>
    </file>

    	<file path="catalog/controller/common/header.php">
    <operation error="skip">
      <search><![CDATA[public function index() {]]></search>
      <add position="after"><![CDATA[
        // oct_product_preorder start
        $data['oct_product_preorder_data'] = $this->config->get('oct_product_preorder_data');
        // oct_product_preorder end
      ]]></add>
    </operation>
  </file>
	<file path="catalog/language/en-gb/product/product.php">
		<operation error="skip">
			<search><![CDATA[<?php]]></search>
			<add position="after"><![CDATA[
				$_['text_instock']      = 'In stock';
				$_['text_outstock']     = '<font style="color: #f56b6b;">Out of stock</font>';
				$_['text_minstock']     = '<font style="color: #f56b6b;">The item ends</font>';				
			]]></add>
		</operation> 
	</file>
	<file path="catalog/language/ru-ru/product/product.php">
		<operation error="skip">
			<search><![CDATA[<?php]]></search>
			<add position="after"><![CDATA[
				$_['text_instock']      = 'В наличии';
				$_['text_outstock']     = '<font style="color: #f56b6b;">Нет в наличии</font>';
				$_['text_minstock']     = '<font style="color: #f56b6b;">Заканчивается</font>';				
			]]></add>
		</operation> 
	</file>
	<file path="catalog/language/uk-ua/product/product.php">
		<operation error="skip">
			<search><![CDATA[<?php]]></search>
			<add position="after"><![CDATA[
				$_['text_instock']      = 'В наявності';
				$_['text_outstock']     = '<font style="color: #f56b6b;">Немає в наявності</font>';
				$_['text_minstock']     = '<font style="color: #f56b6b;">Закінчується</font>';				
			]]></add>
		</operation>
	</file>
	<file path="catalog/language/en-gb/product/{category,search,special,manufacturer}.php">
		<operation error="skip">
			<search><![CDATA[<?php]]></search>
			<add position="after"><![CDATA[
				$_['text_stock']        = 'Stock:';
				$_['text_instock']      = 'In stock';
				$_['text_outstock']     = 'Out of stock';
				$_['text_minstock']     = 'The item ends';				
			]]></add>
		</operation> 
	</file>
	<file path="catalog/language/ru-ru/product/{category,search,special,manufacturer}.php">
		<operation error="skip">
			<search><![CDATA[<?php]]></search>
			<add position="after"><![CDATA[
				$_['text_stock']        = 'Наличие:';
				$_['text_instock']      = 'На складе';
				$_['text_outstock']     = 'Нет в наличии';
				$_['text_minstock']     = 'Заканчивается';				
			]]></add>
		</operation> 
	</file>
	<file path="catalog/language/uk-ua/product/{category,search,special,manufacturer}.php">
		<operation error="skip">
			<search><![CDATA[<?php]]></search>
			<add position="after"><![CDATA[
				$_['text_stock']        = 'Наявність:';
				$_['text_instock']      = 'В наявності';
				$_['text_outstock']     = 'Немає в наявності';
				$_['text_minstock']     = 'Закінчується';				
			]]></add>
		</operation>
	</file>
	<file path="catalog/model/catalog/product.php">
		<operation error="skip">
			<search><![CDATA['viewed'           => $query->row['viewed']]]></search>
			<add position="before"><![CDATA[
				// oct_product_preorder start
				'oct_stock_status_id' => $query->row['stock_status_id'],
				// oct_product_preorder end
			]]></add>
		</operation>
	</file>
	<file path="catalog/controller/product/product.php">
		<operation error="skip">
			<search><![CDATA[if ($product_info['quantity'] <= 0) {]]></search>
			<add position="replace" offset="6"><![CDATA[
				$data['disable_buy'] = 0;
				
				$oct_product_preorder_text = $this->config->get('oct_product_preorder_text');
				$oct_product_preorder_data = $this->config->get('oct_product_preorder_data');
				$oct_product_stock_checkout = $this->config->get('config_stock_checkout');

				if (isset($oct_product_preorder_data['status']) && $oct_product_preorder_data['status'] && isset($oct_product_preorder_data['stock_statuses']) && isset($product_info['oct_stock_status_id']) && in_array($product_info['oct_stock_status_id'], $oct_product_preorder_data['stock_statuses'])) {
					if ($product_info['quantity'] <= 0) {
						$data['stock'] = $product_info['stock_status'];
						$data['stockbutton'] = $oct_product_preorder_text[$this->session->data['language']]['call_button'];
						if ($oct_product_stock_checkout == 0) {
							$data['disable_buy'] = 1;
						}
					} elseif ($this->config->get('config_stock_display')) {
						$data['stock'] = $product_info['quantity'];
					} elseif ($product_info['quantity'] >= 1 && $product_info['quantity'] <= 3) {
						$data['stock'] = $this->language->get('text_minstock');
					} else {
						$data['stock'] = $this->language->get('text_instock');
					}
				} else {
					if ($product_info['quantity'] <= 0) {
						$data['stock'] = $product_info['stock_status'];
						$data['stockbutton'] = $product_info['stock_status'];
						if ($oct_product_stock_checkout == 0) {
							$data['disable_buy'] = 2;
						}
					} elseif ($this->config->get('config_stock_display')) {
						$data['stock'] = $product_info['quantity'];
						$data['stockbutton'] = $product_info['quantity'];
					} else {
						$data['stock'] = $this->language->get('text_instock');
						$data['stockbutton'] = $this->language->get('text_instock');
					}
				}
			]]></add>
		</operation>
		<operation error="skip">
      <search><![CDATA[$data['products'][] = array(]]></search>
      <add position="before"><![CDATA[
        $oct_product_preorder_text = $this->config->get('oct_product_preorder_text');
				$oct_product_preorder_data = $this->config->get('oct_product_preorder_data');
				$oct_product_preorder_language = $this->load->language('extension/module/oct_product_preorder');

				if (isset($oct_product_preorder_data['status']) && $oct_product_preorder_data['status'] && isset($oct_product_preorder_data['stock_statuses']) && isset($result['oct_stock_status_id']) && in_array($result['oct_stock_status_id'], $oct_product_preorder_data['stock_statuses'])) {
					$product_preorder_text = $oct_product_preorder_text[$this->session->data['language']]['call_button'];
					$product_preorder_status = 1;
				} else {
					$product_preorder_text = $oct_product_preorder_language['text_out_of_stock'];
					$product_preorder_status = 2;
				}
      ]]></add>
    </operation>
    <operation error="skip">
      <search><![CDATA[$data['products'][] = array(]]></search>
      <add position="after"><![CDATA[
        'quantity' => $result['quantity'], 
		    'product_preorder_text' => $product_preorder_text,
			  'product_preorder_status' => $product_preorder_status,
      ]]></add>
    </operation>    
	</file>	
	<file path="catalog/controller/product/{category,search,special,manufacturer}.php">
		<operation error="skip">
			<search><![CDATA[$data['products'][] = array(]]></search>
			<add position="before"><![CDATA[
				$oct_product_preorder_text = $this->config->get('oct_product_preorder_text');
				$oct_product_preorder_data = $this->config->get('oct_product_preorder_data');
				$oct_product_preorder_language = $this->load->language('extension/module/oct_product_preorder');
				$data['text_stock'] = $this->language->get('text_stock');
			
				if (isset($oct_product_preorder_data['status']) && $oct_product_preorder_data['status'] && isset($oct_product_preorder_data['stock_statuses']) && isset($result['oct_stock_status_id']) && in_array($result['oct_stock_status_id'], $oct_product_preorder_data['stock_statuses'])) {
					$product_preorder_text = $oct_product_preorder_text[$this->session->data['language']]['call_button'];
					$product_preorder_status = 1;
				} else {
					$product_preorder_text = $oct_product_preorder_language['text_out_of_stock'];
					$product_preorder_status = 2;
				}
			]]></add>
		</operation>
		<operation error="skip">
			<search><![CDATA['price'       => $price,]]></search>
			<add position="before"><![CDATA[
				'quantity'       => $result['quantity'], 
				'product_preorder_text' => $product_preorder_text,
				'product_preorder_status' => $product_preorder_status,
			]]></add>
		</operation>
	</file>	
	<file path="catalog/controller/extension/module/{bestseller,latest,special}.php">
		<operation error="skip">
			<search><![CDATA[$data['products'][] = array(]]></search>
			<add position="before"><![CDATA[
				$oct_product_preorder_text = $this->config->get('oct_product_preorder_text');
				$oct_product_preorder_data = $this->config->get('oct_product_preorder_data');
				$oct_product_preorder_language = $this->load->language('extension/module/oct_product_preorder');

				if (isset($oct_product_preorder_data['status']) && $oct_product_preorder_data['status'] && isset($oct_product_preorder_data['stock_statuses']) && isset($result['oct_stock_status_id']) && in_array($result['oct_stock_status_id'], $oct_product_preorder_data['stock_statuses'])) {
					$product_preorder_text = $oct_product_preorder_text[$this->session->data['language']]['call_button'];
					$product_preorder_status = 1;
				} else {
					$product_preorder_text = $oct_product_preorder_language['text_out_of_stock'];
					$product_preorder_status = 2;
				}
			]]></add>
		</operation>
		<operation error="skip">
			<search><![CDATA['price'       => $price,]]></search>
			<add position="before"><![CDATA[
				'quantity'       => $result['quantity'], 
				'product_preorder_text' => $product_preorder_text,
				'product_preorder_status' => $product_preorder_status,
			]]></add>
		</operation>
	</file>	
	<file path="catalog/controller/extension/module/featured.php">
		<operation error="skip">
			<search><![CDATA[$data['products'][] = array(]]></search>
			<add position="before"><![CDATA[
				$oct_product_preorder_text = $this->config->get('oct_product_preorder_text');
				$oct_product_preorder_data = $this->config->get('oct_product_preorder_data');
				$oct_product_preorder_language = $this->load->language('extension/module/oct_product_preorder');

				if (isset($oct_product_preorder_data['status']) && $oct_product_preorder_data['status'] && isset($oct_product_preorder_data['stock_statuses']) && isset($product_info['oct_stock_status_id']) && in_array($product_info['oct_stock_status_id'], $oct_product_preorder_data['stock_statuses'])) {
					$product_preorder_text = $oct_product_preorder_text[$this->session->data['language']]['call_button'];
					$product_preorder_status = 1;
				} else {
					$product_preorder_text = $oct_product_preorder_language['text_out_of_stock'];
					$product_preorder_status = 2;
				}
			]]></add>
		</operation>
		<operation error="skip">
			<search><![CDATA['price'       => $price,]]></search>
			<add position="before"><![CDATA[
				'quantity'       => $product_info['quantity'], 
				'product_preorder_text' => $product_preorder_text,
				'product_preorder_status' => $product_preorder_status,
			]]></add>
		</operation>
	</file>				
	<file path="catalog/controller/account/wishlist.php">
		<operation error="skip">
			<search><![CDATA[$data['products'][] = array(]]></search>
			<add position="before"><![CDATA[
				$oct_product_preorder_text = $this->config->get('oct_product_preorder_text');
				$oct_product_preorder_data = $this->config->get('oct_product_preorder_data');
				$oct_product_preorder_language = $this->load->language('extension/module/oct_product_preorder');

				if (isset($oct_product_preorder_data['status']) && $oct_product_preorder_data['status'] && isset($oct_product_preorder_data['stock_statuses']) && isset($product_info['oct_stock_status_id']) && in_array($product_info['oct_stock_status_id'], $oct_product_preorder_data['stock_statuses'])) {
					$product_preorder_text = $oct_product_preorder_text[$this->session->data['language']]['call_button'];
					$product_preorder_status = 1;
				} else {
					$product_preorder_text = $oct_product_preorder_language['text_out_of_stock'];
					$product_preorder_status = 2;
				}
			]]></add>
		</operation>
		<operation error="skip">
			<search><![CDATA[$data['products'][] = array(]]></search>
			<add position="after"><![CDATA[
				'quantity'       => $product_info['quantity'], 
				'product_preorder_text' => $product_preorder_text,
				'product_preorder_status' => $product_preorder_status,
			]]></add>
		</operation>
	</file>		
	<file path="catalog/controller/product/compare.php">
		<operation error="skip">
			<search><![CDATA[$data['products'][$product_id] = array(]]></search>
			<add position="before"><![CDATA[
				$oct_product_preorder_text = $this->config->get('oct_product_preorder_text');
				$oct_product_preorder_data = $this->config->get('oct_product_preorder_data');
				$oct_product_preorder_language = $this->load->language('extension/module/oct_product_preorder');

				if (isset($oct_product_preorder_data['status']) && $oct_product_preorder_data['status'] && isset($oct_product_preorder_data['stock_statuses']) && isset($product_info['oct_stock_status_id']) && in_array($product_info['oct_stock_status_id'], $oct_product_preorder_data['stock_statuses'])) {
					$product_preorder_text = $oct_product_preorder_text[$this->session->data['language']]['call_button'];
					$product_preorder_status = 1;
				} else {
					$product_preorder_text = $oct_product_preorder_language['text_out_of_stock'];
					$product_preorder_status = 2;
				}
			]]></add>
		</operation>
		<operation error="skip">
			<search><![CDATA[$data['products'][$product_id] = array(]]></search>
			<add position="after"><![CDATA[
				'quantity'       => $product_info['quantity'], 
				'product_preorder_text' => $product_preorder_text,
				'product_preorder_status' => $product_preorder_status,
			]]></add>
		</operation>
	</file>

	<file path="catalog/controller/product/product.php">
		<operation error="skip">
			<search><![CDATA[public function index() {]]></search>
			<add position="after"><![CDATA[
			$this->document->addScript('catalog/view/javascript/input-mask.js');
			$this->document->addScript('catalog/view/javascript/main-original.js');
	        $this->document->addStyle('catalog/view/theme/phpner-theme/stylesheet/popup.css');
			]]></add>
		</operation>
	</file>	
	<file path="catalog/view/theme/*/template/product/product.tpl">
		<operation error="skip">
			<search regex="true"><![CDATA[
				'<button type="button" id="button-cart" data-loading-text=".*" class="btn btn-primary btn-lg btn-block">.*<\/button>'
				]]></search>
			<add position="replace"><![CDATA[
			<div class="row product-buttons-row">
			    <div class="col-sm-12">
			      <div class="product-buttons-box<?php if ($disable_buy != 0) { ?> preorder-buttons-box<?php } ?>">
			        <?php if ($disable_buy == 0) { ?>
			        <a href="javascript:void(0);" data-toggle="tooltip" id="button-cart" title="<?php echo $button_cart; ?>" data-loading-text="<?php echo $text_loading; ?>" class="oct-button"><i class="fa fa-shopping-basket" aria-hidden="true"></i> <span class="hidden-sm hidden-xs"><?php echo $button_cart; ?></span></a>
			        <?php } elseif ($disable_buy == 2) { ?>
			        <a style="display:none;" href="javascript:void(0);" title="<?php echo $stockbutton; ?>" class="oct-button"><span class="hidden-sm hidden-xs"><?php echo $stockbutton; ?><span></a>
			        <?php } else { ?>
			        <a href="javascript:void(0);" title="<?php echo $stockbutton; ?>" class="oct-button oct-preorder-button" onclick="get_oct_product_preorder('<?php echo $product_id; ?>'); return false"><span><?php echo $stockbutton; ?></span></a>
			        <?php } ?>
			        <?php if (isset($oct_popup_purchase_data['status']) && $oct_popup_purchase_data['status'] && $disable_buy == 0) { ?>
			        <a href="javascript:void(0);" data-toggle="tooltip" class="oct-button button-one-click" title="<?php echo $text_oct_popup_purchase; ?>" onclick="get_oct_popup_purchase('<?php echo $product_id; ?>');"><i class="fa fa-hand-pointer-o" aria-hidden="true"></i> <span class="hidden-sm hidden-xs"><?php echo $text_oct_popup_purchase; ?></span></a>
			        <?php } ?>
			        <a href="javascript:void(0);" data-toggle="tooltip" class="oct-button button-wishlist" title="<?php echo $button_wishlist; ?>" onclick="get_oct_popup_add_to_wishlist('<?php echo $product_id; ?>');"><i class="fa fa-heart"></i></a>
			        <a href="javascript:void(0);" data-toggle="tooltip" class="oct-button button-compare" title="<?php echo $button_compare; ?>" onclick="get_oct_popup_add_to_compare('<?php echo $product_id; ?>');"><i class="fa fa-sliders" aria-hidden="true"></i></a>
			      </div>
			    </div>
			</div>
			]]></add>
		</operation>
	</file>	
</modification>