<?xml version="1.0" encoding="utf-8"?>
<modification>
	<code>phpner_buy_click</code>
    <name>phpner_buy_click  2.3.x</name>
    <version>1.0.0</version>
    <author>phpner@gmail.com</author>
    <link>phpner@gmail.com</link>
    <file path="catalog/language/en-gb/product/product.php">
      <operation error="skip">
        <search><![CDATA[<?php]]></search>
        <add position="after"><![CDATA[
          // oct_popup_purchase start
          $_['text_oct_popup_purchase'] = 'Purchase now';
          // oct_popup_purchase end
        ]]></add>
      </operation>
    </file>
    <file path="catalog/language/ru-ru/product/product.php">
      <operation error="skip">
        <search><![CDATA[<?php]]></search>
        <add position="after"><![CDATA[
          // oct_popup_purchase start
          $_['text_oct_popup_purchase'] = 'Заказать в один клик';
          // oct_popup_purchase end
        ]]></add>
      </operation>
    </file>  
    <file path="catalog/language/uk-ua/product/product.php">
      <operation error="skip">
        <search><![CDATA[<?php]]></search>
        <add position="after"><![CDATA[
          // oct_popup_purchase start
          $_['text_oct_popup_purchase'] = 'Замовити в один клік';
          // oct_popup_purchase end
        ]]></add>
      </operation>
    </file>
    <file path="catalog/controller/product/product.php">
      <operation error="skip">
        <search><![CDATA[public function index() {]]></search>
        <add position="after"><![CDATA[
          // oct_popup_purchase start
          $data['oct_popup_purchase_data'] = $this->config->get('oct_popup_purchase_data');
          // oct_popup_purchase end
        ]]></add>
      </operation>
      <operation error="skip">
        <search><![CDATA[if ($product_info['quantity'] <= 0) {]]></search>
        <add position="before"><![CDATA[
          // oct_popup_purchase start
          $data['text_oct_popup_purchase'] = $this->language->get('text_oct_popup_purchase');
          // oct_popup_purchase end
        ]]></add>
      </operation>
    </file>

	<file path="catalog/controller/product/product.php">
		<operation error="skip">
			<search><![CDATA[public function index() {]]></search>
			<add position="after"><![CDATA[
			$this->document->addScript('catalog/view/javascript/input-mask.js');
			$this->document->addScript('catalog/view/javascript/main-original.js');
	        $this->document->addStyle('catalog/view/theme/phpner-theme/stylesheet/popup.css');
			]]></add>
		</operation>
	</file>	
	<file path="catalog/view/theme/*/template/product/product.tpl">
		<operation error="skip">
			<search regex="true"><![CDATA[
				'<button type="button" id="button-cart" data-loading-text=".*" class="btn btn-primary btn-lg btn-block">.*<\/button>'
				]]></search>
			<add position="replace"><![CDATA[
			<div class="row product-buttons-row">
			    <div class="col-sm-12">
			      <div class="product-buttons-box<?php if ($disable_buy != 0) { ?> preorder-buttons-box<?php } ?>">
			        <?php if ($disable_buy == 0) { ?>
			        <a href="javascript:void(0);" data-toggle="tooltip" id="button-cart" title="<?php echo $button_cart; ?>" data-loading-text="<?php echo $text_loading; ?>" class="oct-button"><i class="fa fa-shopping-basket" aria-hidden="true"></i> <span class="hidden-sm hidden-xs"><?php echo $button_cart; ?></span></a>
			        <?php } elseif ($disable_buy == 2) { ?>
			        <a style="display:none;" href="javascript:void(0);" title="<?php echo $stockbutton; ?>" class="oct-button"><span class="hidden-sm hidden-xs"><?php echo $stockbutton; ?><span></a>
			        <?php } else { ?>
			        <a href="javascript:void(0);" title="<?php echo $stockbutton; ?>" class="oct-button oct-preorder-button" onclick="get_oct_product_preorder('<?php echo $product_id; ?>'); return false"><span><?php echo $stockbutton; ?></span></a>
			        <?php } ?>
			        <?php if (isset($oct_popup_purchase_data['status']) && $oct_popup_purchase_data['status'] && $disable_buy == 0) { ?>
			        <a href="javascript:void(0);" data-toggle="tooltip" class="oct-button button-one-click" title="<?php echo $text_oct_popup_purchase; ?>" onclick="get_oct_popup_purchase('<?php echo $product_id; ?>');"><i class="fa fa-hand-pointer-o" aria-hidden="true"></i> <span class="hidden-sm hidden-xs"><?php echo $text_oct_popup_purchase; ?></span></a>
			        <?php } ?>
			        <a href="javascript:void(0);" data-toggle="tooltip" class="oct-button button-wishlist" title="<?php echo $button_wishlist; ?>" onclick="get_oct_popup_add_to_wishlist('<?php echo $product_id; ?>');"><i class="fa fa-heart"></i></a>
			        <a href="javascript:void(0);" data-toggle="tooltip" class="oct-button button-compare" title="<?php echo $button_compare; ?>" onclick="get_oct_popup_add_to_compare('<?php echo $product_id; ?>');"><i class="fa fa-sliders" aria-hidden="true"></i></a>
			      </div>
			    </div>
			</div>
			]]></add>
		</operation>
	</file>	
</modification>